customer_city,customer_count
abadia dos dourados,3
abadiania,1
abaete,12
abaetetuba,11
abaiara,2
abaira,2
abare,2
abatia,3
abdon batista,1
abelardo luz,6
abrantes,2
abre campo,6
abreu e lima,11
acaiaca,2
acailandia,7
acajutiba,1
acarau,8
acari,1
acegua,2
acopiara,7
acreuna,7
acu,3
acucena,1
adamantina,36
adhemar de barros,1
adolfo,5
adrianopolis,1
adustina,1
afogados da ingazeira,8
afonso claudio,11
afranio,2
agisse,1
agrestina,1
agrolandia,1
agronomica,2
agua boa,18
agua branca,5
agua clara,2
agua comprida,2
agua doce,1
agua doce do norte,4
agua fria de goias,1
agua limpa,1
agua nova,1
agua preta,1
agua santa,2
aguai,10
aguas belas,6
aguas claras,1
aguas da prata,10
aguas de lindoia,23
aguas de santa barbara,3
aguas de sao pedro,3
aguas formosas,5
aguas frias,1
aguas lindas de goias,24
aguas mornas,1
aguas vermelhas,3
agudo,1
agudos,16
aguia branca,2
aimores,10
aiuaba,1
aiuruoca,4
ajapi,1
ajuricaba,2
alagoa,1
alagoa grande,1
alagoa nova,1
alagoinha,2
alagoinhas,40
alambari,3
alcantara,1
alcinopolis,6
alcobaca,4
alegre,17
alegrete,36
alegrete do piaui,1
alegria,1
alem paraiba,29
alexandra,1
alexandria,2
alexandrita,1
alexania,5
alfenas,43
alfredo chaves,7
alfredo marcondes,1
alfredo vasconcelos,3
alfredo wagner,2
alhandra,2
alianca,1
alianca do tocantins,2
almas,1
almenara,14
almino afonso,1
almirante tamandare,35
almirante tamandare do sul,1
alpercata,2
alpestre,1
alpinopolis,7
alta floresta,12
alta floresta d'oeste,3
altamira,25
altamira do parana,2
altaneira,2
alterosa,3
altinho,2
altinopolis,4
alto alegre,3
alto alegre do iguacu,2
alto alegre do maranhao,1
alto alegre do pindare,1
alto araguaia,5
alto bela vista,1
alto boa vista,5
alto caparao,2
alto do rodrigues,8
alto garcas,2
alto horizonte,2
alto jequitiba,4
alto paraiso,2
alto paraiso de goias,9
alto parana,2
alto parnaiba,5
alto piquiri,1
alto rio doce,4
alto rio novo,2
alto santo,3
alto sao joao,1
alto taquari,3
altonia,3
altos,5
aluminio,13
alvarenga,2
alvares florence,2
alvares machado,8
alvaro de carvalho,2
alvinopolis,11
alvorada,56
alvorada d'oeste,1
alvorada do gurgueia,1
alvorada do norte,3
amambai,6
amanari,1
amapa do maranhao,1
amapora,2
amaraji,2
amarante,1
amargosa,1
amelia rodrigues,3
america dourada,1
americana,224
americano do brasil,3
americo brasiliense,17
americo de campos,1
ametista do sul,2
amontada,1
amparo,67
amparo da serra,1
ampere,9
anadia,2
anage,1
analandia,4
ananas,1
ananindeua,88
anapolis,113
anastacio,2
anaurilandia,1
anchieta,17
andarai,1
andira,11
andorinha,5
andradas,12
andradina,43
andre da rocha,1
andrelandia,3
andrequice,1
angatuba,8
angelica,1
angelina,1
angelo frechiani,1
angical,1
angical do piaui,1
angicos,1
angra dos reis,85
anguera,1
angulo,3
angustura,1
anhandui,1
anhembi,1
anhumas,1
anicuns,8
anita garibaldi,5
anitapolis,2
anta,4
anta gorda,4
antonina,10
antonina do norte,1
antonio cardoso,2
antonio carlos,3
antonio goncalves,1
antonio martins,1
antonio pereira,2
antonio prado,5
antonio prado de minas,3
antunes,1
aparecida,25
aparecida d'oeste,1
aparecida de goiania,110
aparecida de monte alto,1
aparecida de sao manuel,2
aparecida do rio negro,1
aparecida do taboado,7
aperibe,13
apiaca,6
apiacas,1
apiai,6
apiuna,7
apodi,3
apora,1
apore,1
apuarema,1
apucarana,52
apuiares,2
aquidaba,1
aquidauana,4
aquiraz,2
aracaju,225
aracariguama,10
aracati,22
aracatu,1
aracatuba,141
arace,4
araci,3
aracitaba,2
aracoiaba,5
aracoiaba da serra,11
aracruz,41
aracuai,9
aragarcas,4
aragoiania,1
araguacu,1
araguaia,1
araguaina,41
araguana,1
araguapaz,2
araguari,54
araguatins,5
aramari,2
arame,1
aramina,1
arandu,4
arantina,1
arapei,2
arapiraca,29
arapoema,1
araponga,2
arapongas,35
arapora,5
arapoti,9
arapua,1
araputanga,4
araquari,11
arara,1
ararangua,18
araraquara,155
araras,94
arari,2
ararica,2
araripe,2
araripina,12
araruama,77
araruna,5
arataca,1
aratiba,1
aratuba,2
araucaria,54
araujos,6
araxa,78
arceburgo,7
arcos,25
arcoverde,5
areado,7
areal,7
arealva,4
areia,2
areia branca,3
areia branca dos assis,3
areial,1
areias,3
areiopolis,3
arembepe,2
arenapolis,2
arenopolis,1
aribice,1
arinos,8
aripuana,8
ariquemes,13
ariranha,5
armacao dos buzios,29
armazem,2
arneiroz,2
aroeiras,1
arraial d ajuda,1
arraial d'ajuda,8
arraial do cabo,29
arraias,2
arroio do meio,10
arroio do sal,8
arroio do tigre,2
arroio dos ratos,9
arroio grande,3
arroio trinta,1
arrozal,3
artur nogueira,43
aruana,2
aruja,69
arvoredo,1
arvorezinha,4
ascurra,4
assai,6
assare,1
assis,84
assis chateaubriand,12
assuncao,1
astolfo dutra,11
astorga,7
atalaia,1
atalanta,1
ataleia,3
atibaia,159
atilio vivacqua,1
augustinopolis,1
augusto correa,3
augusto pestana,2
aurea,2
auriflama,10
aurilandia,1
aurora,5
aurora do para,1
avai,1
avanhandava,7
avare,64
avelar,4
avelino lopes,2
azurita,3
bacabal,11
bacaxa,1
bacuri,3
bady bassitt,7
baependi,8
bage,65
baguari,1
baianopolis,2
baixa grande,1
baixa grande do ribeiro,1
baixo guandu,8
balbinos,1
baldim,2
balneario arroio do silva,4
balneario barra do sul,4
balneario camboriu,100
balneario gaivota,3
balneario picarras,10
balneario pinhal,8
balneario rincao,3
balsa nova,1
balsamo,6
balsas,17
bambui,18
banabuiu,1
bananal,6
bananeiras,5
bandeira,3
bandeira do sul,2
bandeirantes,14
bandeirantes d'oeste,1
bandeirantes do tocantins,2
banzae,1
barao,1
barao ataliba nogueira,1
barao de cocais,18
barao de cotegipe,2
barao de juparana,1
barao do triunfo,1
barauna,1
barbacena,80
barbalha,6
barbosa ferraz,3
barcarena,6
bariri,15
barra,2
barra bonita,29
barra da estiva,7
barra de guabiraba,2
barra de santa rosa,2
barra de santo antonio,2
barra de sao francisco,10
barra de sao joao,13
barra de sao miguel,2
barra do bugres,4
barra do choca,3
barra do corda,7
barra do garcas,25
barra do jacare,1
barra do mendes,3
barra do pirai,54
barra do ribeiro,5
barra do rio azul,1
barra do tarrachil,3
barra do turvo,3
barra dos coqueiros,3
barra longa,1
barra mansa,123
barra velha,16
barracao,3
barras,3
barreira,1
barreiras,52
barreirinhas,4
barreiros,6
barretos,73
barrinha,20
barro,4
barro alto,3
barro preto,1
barrocas,1
barrolandia,2
barros cassal,3
barroso,11
barueri,433
bastos,17
bataguassu,5
bataipora,1
batalha,3
batatais,28
bataypora,2
baturite,3
bauru,273
bayeux,7
bebedouro,51
beberibe,3
bela cruz,4
bela vista,3
bela vista de goias,7
bela vista de minas,1
bela vista do maranhao,1
bela vista do paraiso,3
belem,447
belem do sao francisco,2
belford roxo,111
belmonte,2
belo campo,3
belo horizonte,2773
belo jardim,12
belo oriente,5
belo vale,3
bemposta,1
benedito leite,1
benedito novo,6
benevides,2
bento de abreu,2
bento goncalves,56
bequimao,1
berilo,1
berizal,1
bernardino de campos,4
bertioga,49
bertolinia,1
bertopolis,1
betim,203
bezerros,11
bias fortes,2
bicas,7
biguacu,25
bilac,9
birigui,79
biritiba-mirim,10
biritinga,1
bituruna,5
blumenau,188
boa esperanca,20
boa esperanca do iguacu,1
boa esperanca do sul,11
boa ventura,1
boa viagem,3
boa vista,45
boa vista da aparecida,4
boa vista das missoes,1
boa vista do burica,1
boa vista do cadeado,1
boa vista do gurupi,2
boa vista do sul,1
boca da mata,2
bocaina,7
bocaiuva,13
bocaiuva do sul,2
bodo,1
bodoco,2
bodoquena,2
bofete,6
boituva,50
bom conselho,7
bom despacho,39
bom jardim,17
bom jardim de goias,1
bom jardim de minas,8
bom jesus,14
bom jesus da lapa,9
bom jesus da penha,2
bom jesus da serra,2
bom jesus das selvas,2
bom jesus do amparo,1
bom jesus do araguaia,1
bom jesus do galho,4
bom jesus do itabapoana,21
bom jesus do norte,4
bom jesus do querendo,1
bom jesus do sul,1
bom jesus do tocantins,3
bom jesus dos perdoes,18
bom principio,6
bom repouso,4
bom retiro,1
bom retiro do sul,3
bom sucesso,5
bombinhas,15
bonfim,5
bonfim paulista,18
bonfinopolis,2
bonfinopolis de minas,2
boninal,2
bonito,17
bonito de minas,1
bonito de santa fe,1
boqueirao do leao,2
boquim,1
boquira,1
bora,1
boraceia,1
borborema,9
borda da mata,6
borrazopolis,2
bossoroca,1
botelho,1
botelhos,8
botucatu,101
botupora,1
botuvera,2
braco do norte,20
braco do rio,2
braganca,9
braganca paulista,146
bras pires,2
brasil novo,3
brasilandia,1
brasilandia de minas,2
brasileia,1
brasilia,2131
brasilia de minas,9
brasopolis,1
brauna,5
braunas,1
brazabrantes,2
brazopolis,6
brejetuba,1
brejo,1
brejo bonito,1
brejo da madre de deus,4
brejo do cruz,1
brejo dos santos,1
brejo grande,1
brejo santo,10
brejoes,1
brejolandia,1
breu branco,3
breves,1
britania,1
brodowski,10
brotas,12
brotas de macaubas,1
brumadinho,26
brumado,22
brusque,60
bueno brandao,4
buenopolis,5
buenos aires,2
buerarema,4
bugre,1
buique,1
buri,10
buritama,9
buriti,1
buriti alegre,1
buriti do tocantins,1
buriti dos lopes,2
buriticupu,5
buritirama,2
buritis,16
buritizal,2
buritizeiro,9
butia,6
caarapo,4
cabaceiras do paraguacu,1
cabeceira grande,3
cabeceiras,1
cabedelo,7
cabixi,1
cabo de santo agostinho,21
cabo frio,117
cabo verde,3
cabralia paulista,4
cabreuva,6
cabrobo,6
cacador,40
cacapava,74
cacapava do sul,5
cacaulandia,1
cacequi,4
caceres,25
cachoeira,4
cachoeira alta,6
cachoeira da prata,2
cachoeira de minas,7
cachoeira de pajeu,3
cachoeira do brumado,1
cachoeira do campo,2
cachoeira do sul,32
cachoeira dourada,3
cachoeira paulista,25
cachoeiras de macacu,21
cachoeirinha,72
cachoeiro de itapemirim,122
cacimbinhas,1
cacoal,13
caconde,10
cacu,8
cacule,3
caem,1
caetanopolis,8
caetanos,1
caete,27
caetes,1
caetite,10
cafeara,3
cafelandia,21
caiana,3
caiaponia,4
caibate,2
caibi,3
caicara do norte,1
caico,10
caieiras,102
cairu,1
caiua,2
cajamar,101
cajapio,1
cajari,1
cajati,16
cajazeiras,12
cajobi,8
cajueiro,1
cajuri,1
cajuru,9
calcado,1
caldas,5
caldas brandao,1
caldas do jorro,1
caldas novas,36
caldeirao grande,3
caldeirao grande do piaui,1
california,2
california da barra,6
calmon,1
camacan,6
camacari,61
camacho,1
camamu,9
camanducaia,9
camapua,6
camaqua,13
camaragibe,35
cambara,10
cambara do sul,1
cambe,27
cambiasca,1
cambira,2
camboriu,28
cambuci,8
cambui,22
cambuquira,5
cameta,4
camocim,8
camocim de sao felix,2
campanario,2
campanha,7
campestre,3
campestre da serra,2
campestre do maranhao,2
campina da lagoa,3
campina das missoes,2
campina do monte alegre,2
campina grande,68
campina grande do sul,10
campina verde,10
campinacu,1
campinapolis,3
campinas,1443
campinas do sul,6
campinorte,7
campo alegre,4
campo alegre de goias,2
campo alegre de lourdes,1
campo alegre de minas,1
campo alegre do fidalgo,1
campo azul,1
campo belo,21
campo bom,36
campo bonito,1
campo do brito,1
campo do meio,4
campo do tenente,1
campo ere,7
campo florido,1
campo formoso,10
campo grande,320
campo grande do piaui,1
campo largo,37
campo limpo paulista,48
campo magro,1
campo maior,7
campo mourao,56
campo novo,2
campo novo do parecis,16
campo verde,10
campos altos,5
campos belos,7
campos borges,3
campos de julio,6
campos do jordao,26
campos dos goytacazes,238
campos gerais,5
campos novos,14
campos sales,4
campos verdes,1
camutanga,3
canaa,1
canaa dos carajas,9
cananeia,8
canapi,1
canapolis,6
canarana,11
canavieiras,6
candeal,1
candeias,23
candeias do jamari,1
candelaria,4
candido de abreu,4
candido godoi,1
candido mendes,1
candido mota,16
candido rodrigues,4
candido sales,3
candiota,4
candoi,1
canela,18
canelinha,4
cangucu,15
canhotinho,2
caninde,6
caninde de sao francisco,2
canitar,2
canoas,210
canoinhas,27
cansancao,7
cantagalo,21
cantanhede,1
canto do buriti,1
canudos,1
capanema,14
capao bonito,28
capao da canoa,38
capao da porteira,2
capao do cipo,3
capao do leao,4
caparao,1
capela,3
capela de santana,2
capela do alto,3
capela do alto alegre,1
capela nova,1
capelinha,20
capetinga,2
capim branco,2
capim grosso,5
capinopolis,11
capinzal,10
capinzal do norte,2
capistrano,1
capitao,1
capitao andrade,1
capitao eneas,1
capitao leonidas marques,5
capitao poco,3
capitolio,5
capivari,35
capivari de baixo,5
capivari do sul,1
capoeiras,1
caputira,2
caracol,1
caraguatatuba,89
carai,6
caraiba,2
caraibas,1
carajas,4
carambei,3
carandai,11
carangola,27
carapebus,5
carapicuiba,328
caratinga,62
caraubas,3
caravelas,3
carazinho,24
carbonita,4
cardoso,6
cardoso moreira,6
careacu,2
cariacica,139
caridade,1
carinhanha,2
carire,3
cariri do tocantins,2
caririacu,2
carius,3
carlinda,2
carlopolis,6
carlos barbosa,20
carlos chagas,3
carmesia,1
carmo,13
carmo da cachoeira,4
carmo da mata,6
carmo de minas,3
carmo do cajuru,10
carmo do paranaiba,16
carmo do rio claro,9
carmo do rio verde,2
carmolandia,1
carmopolis,2
carmopolis de minas,5
carnaiba do sertao,1
carnauba dos dantas,1
carnaubais,2
carnaubal,2
carneirinho,3
carolina,2
carpina,10
carrancas,3
caruaru,64
carutapera,2
carvalhopolis,3
casa branca,13
casa nova,7
casca,7
cascalho rico,1
cascavel,153
caseiros,1
casimiro de abreu,20
cassia,6
cassia dos coqueiros,1
cassilandia,5
castanhal,22
castanheira,3
castanheiras,1
castelandia,5
castelo,18
castelo do piaui,2
castilho,11
castro,22
castro alves,2
cataguases,33
catalao,34
catanduva,75
catanduvas,6
catarina,3
catas altas,5
catende,7
catigua,6
catole do rocha,6
catu,10
catu de abrantes,2
catuipe,4
caturama,2
caucaia,35
cavalcante,2
caxambu,17
caxambu do sul,1
caxias,16
caxias do sul,224
caxingo,1
ceara-mirim,2
cedral,9
cedro,1
cedro de sao joao,3
cedro do abaete,1
ceilandia,1
celina,2
celso ramos,2
centenario,1
centenario do sul,4
central,1
central de santa helena,1
centralina,1
centro novo do maranhao,1
cerejeiras,1
ceres,7
cerqueira cesar,18
cerquilho,30
cerrito,1
cerro azul,4
cerro grande,1
cerro grande do sul,2
cerro largo,7
cerro negro,1
cesario lange,13
ceu azul,7
cezarina,1
cha de alegria,1
cha grande,1
chacara,2
chale,2
chapada,4
chapada do norte,2
chapada dos guimaraes,4
chapada gaucha,4
chapadao do ceu,8
chapadao do lageado,1
chapadao do sul,14
chapadinha,3
chapeco,103
charqueada,10
charqueadas,17
charrua,2
chaval,1
chavantes,12
chaveslandia,2
chiapetta,1
chopinzinho,4
chorozinho,1
chorrocho,1
chui,5
cianorte,39
cicero dantas,10
cidade gaucha,5
cidade ocidental,8
cidelandia,1
cidreira,5
cipo,1
cipo-guacu,1
ciriaco,1
claraval,1
claro dos pocoes,1
claudia,4
claudio,22
clementina,4
clevelandia,3
coaraci,4
coari,1
cocais,1
cocal,8
cocal do sul,4
cocalinho,4
cocalzinho de goias,1
cocos,1
codo,8
coelho neto,4
coimbra,1
coite do noia,1
colatina,65
colider,8
colina,9
colinas,4
colinas do tocantins,3
colmeia,2
colniza,3
colombia,5
colombo,62
colonia castrolanda,3
colonia jordaozinho,2
colonia leopoldina,2
colonia vitoria,5
colorado,9
colorado do oeste,3
coluna,3
combinado,1
comendador levy gasparian,7
comercinho,1
comodoro,7
conceicao,2
conceicao da aparecida,6
conceicao da barra,3
conceicao da feira,2
conceicao da ibitipoca,1
conceicao das alagoas,3
conceicao das pedras,4
conceicao de macabu,13
conceicao do almeida,1
conceicao do araguaia,7
conceicao do caninde,1
conceicao do castelo,5
conceicao do coite,9
conceicao do formoso,1
conceicao do jacuipe,3
conceicao do mato dentro,12
conceicao do para,3
conceicao do rio verde,5
conceicao do tocantins,3
conceicao dos ouros,4
conchal,19
conchas,10
concordia,50
concordia do para,3
condado,4
conde,2
condeuba,1
condor,4
confins,1
confresa,7
congonhal,4
congonhas,30
congonhinhas,2
conquista,6
conquista d'oeste,1
conrado,1
conselheiro lafaiete,84
conselheiro mairinck,1
conselheiro pena,15
conservatoria,4
constantina,1
contagem,426
contenda,1
coqueiro baixo,2
coqueiros do sul,1
coracao de jesus,3
coracao de maria,1
corbelia,3
cordeiro,24
cordeiropolis,16
cordeiros,1
coreau,1
coremas,3
corguinho,2
coribe,8
corinto,11
cornelio procopio,24
coroaci,2
coroados,2
coroata,9
coromandel,25
coronel domingos soares,1
coronel fabriciano,41
coronel freitas,1
coronel joao pessoa,1
coronel joao sa,3
coronel macedo,2
coronel martins,2
coronel murta,1
coronel pacheco,1
coronel sapucaia,1
coronel vivida,11
corrego danta,1
corrego do ouro,1
corrego fundo,1
correia pinto,11
corrente,4
correntes,1
correntina,2
cortes,2
corumba,28
corumba de goias,2
corumbaiba,4
corumbatai,2
corumbatai do sul,1
corupa,4
coruripe,3
cosmopolis,52
cosmorama,6
costa marques,2
costa rica,12
cotegipe,1
cotia,250
cotipora,1
cotriguacu,2
couto de magalhaes,2
coxilha,2
coxim,11
crateus,9
crato,19
cravinhos,24
cravolandia,1
criciuma,93
crisolita,2
crisopolis,4
crissiumal,2
cristais,3
cristais paulista,4
cristal,3
cristalandia,3
cristalia,3
cristalina,8
cristiano otoni,2
cristina,8
cristinapolis,1
cristopolis,2
crixas,8
croata,1
crominia,1
crucilandia,1
cruz,7
cruz alta,33
cruz das almas,18
cruz machado,3
cruzalia,3
cruzeiro,56
cruzeiro da fortaleza,2
cruzeiro do iguacu,1
cruzeiro do oeste,7
cruzeiro do sul,7
cruzilia,4
cubatao,79
cubati,2
cuiaba,248
cuite,4
cuite velho,1
cujubim,1
cumari,2
cumaru,2
cunha,15
cunha pora,5
cupira,1
curaca,3
curitiba,1521
curitibanos,21
curiuva,4
currais novos,8
curral de cima,1
curralinho,1
curuca,3
cururupu,3
curvelandia,1
curvelo,44
custodia,5
damianopolis,2
dario meira,2
datas,1
david canabarro,2
delfim moreira,1
delfinopolis,3
delmiro gouveia,4
demerval lobao,1
denise,2
deodapolis,2
deputado irapuan pinheiro,3
descalvado,13
descoberto,3
desembargador otoni,1
desterro,1
desterro de entre rios,1
desterro do melo,1
dezesseis de novembro,1
diadema,286
diamante d'oeste,1
diamante do norte,5
diamantina,27
diamantino,7
dianopolis,7
dias d avila,1
dias d'avila,24
diogo de vasconcelos,2
dionisio,2
dionisio cerqueira,3
diorama,2
divinesia,1
divino,14
divino das laranjeiras,1
divino de sao lourenco,1
divinolandia,7
divinolandia de minas,5
divinopolis,137
divinopolis de goias,1
divinopolis do tocantins,1
divisa alegre,2
divisa nova,1
dobrada,2
doce grande,1
dois corregos,11
dois irmaos,18
dois irmaos do buriti,3
dois riachos,1
dois vizinhos,28
dom aquino,3
dom basilio,3
dom cavati,1
dom eliseu,5
dom feliciano,5
dom joaquim,2
dom macedo costa,1
dom pedrito,10
dom pedro,3
dom silverio,4
dom vicoso,2
domiciano ribeiro,2
domingos martins,9
dona emma,1
dona euzebia,2
dona francisca,2
dores de campos,8
dores de guanhaes,1
dores do indaia,7
dores do rio preto,4
dormentes,2
douradina,1
dourado,9
dourados,64
doutor camargo,1
doutor mauricio cardoso,1
doutor ulysses,1
doverlandia,2
dracena,28
duartina,10
duas barras,1
duere,1
dumont,4
duque de caxias,266
durande,2
echapora,2
ecoporanga,8
edeia,4
eldorado,7
eldorado do sul,15
elias fausto,5
eliseu martins,4
elisiario,1
elisio medrado,2
eloi mendes,10
embauba,1
embu,11
embu das artes,165
embu-guacu,46
emilianopolis,2
encantado,11
encruzilhada do sul,8
eneas marques,4
engenheiro balduino,1
engenheiro beltrao,2
engenheiro coelho,13
engenheiro navarro,1
engenheiro passos,2
engenheiro paulo de frontin,6
entre folhas,1
entre rios,6
entre rios de minas,7
entre rios do oeste,3
entre-ijuis,3
epitaciolandia,1
erebango,1
erechim,58
erere,1
erico cardoso,1
erval grande,2
ervalia,7
escada,10
esmeralda,1
esmeraldas,14
espera feliz,19
esperanca,6
esperantina,5
esperantinopolis,3
espigao,2
espigao alto do iguacu,2
espigao do oeste,6
espinosa,6
espirito santo do pinhal,18
espirito santo do turvo,2
esplanada,6
espumoso,7
estacao,5
estancia,9
estancia velha,20
esteio,41
estevao de araujo,1
estiva,1
estiva gerbi,7
estreito,3
estrela,16
estrela d oeste,1
estrela d'oeste,1
estrela do indaia,2
estrela do norte,3
estrela do sul,1
estrela velha,1
euclides da cunha,5
euclides da cunha paulista,2
eugenio de castro,1
eugenopolis,5
eunapolis,38
eusebio,13
ewbank da camara,1
extrema,44
extremoz,2
fagundes,1
farol,1
farroupilha,28
fartura,10
fatima,3
fatima do sul,4
faxinal,9
faxinal dos guedes,11
faxinalzinho,1
fazenda nova,4
fazenda rio grande,29
fazenda vilanova,2
feira de santana,185
feira nova,5
felicio dos santos,1
felipe guerra,1
felisburgo,1
felixlandia,1
feliz,14
feliz deserto,2
feliz natal,1
fenix,1
fernando prestes,6
fernandopolis,53
fernao,1
ferraz de vasconcelos,111
ferreiros,1
ferros,2
fervedouro,8
figueira,4
figueiropolis d'oeste,2
filadelfia,1
firminopolis,7
flor da serra do sul,2
flora rica,1
florai,2
florania,1
floreal,2
flores,2
flores da cunha,12
flores de goias,1
floresta,11
floresta do araguaia,1
florestal,3
florestopolis,3
floriano,18
florianopolis,570
florida,1
florida paulista,4
florinia,1
fonseca,1
fontoura xavier,1
formiga,32
formigueiro,2
formosa,34
formosa da serra negra,1
formosa do oeste,1
formosa do rio preto,3
formoso,3
formoso do araguaia,4
forquilha,4
forquilhinha,13
fortaleza,654
fortaleza dos valos,1
fortim,1
fortuna,3
foz do iguacu,87
foz do jordao,1
fragosos,1
fraiburgo,15
franca,161
francisco badaro,3
francisco beltrao,52
francisco dantas,1
francisco dumont,2
francisco morato,100
francisco sa,3
francisco santos,1
franco da rocha,109
frecheirinha,2
frederico westphalen,14
frei gaspar,1
frei inocencio,5
frei lagonegro,1
frei martinho,2
frei rogerio,1
fronteira,6
fronteiras,3
fruta de leite,2
frutal,26
frutuoso gomes,1
fundao,5
gabriel monteiro,1
galia,1
galinhos,1
galvao,1
gameleira,4
gameleiras,3
gandu,4
garanhuns,31
garca,28
garibaldi,10
garopaba,23
garrafao do norte,3
garruchos,1
garuva,5
gaspar,30
gastao vidigal,3
gaucha do norte,2
gaurama,3
gaviao peixoto,2
general camara,1
general carneiro,5
general maynard,1
general salgado,7
gentio do ouro,1
getulina,2
getulio vargas,8
gilbues,1
girau do ponciano,1
girua,10
glaura,1
glicerio,4
gloria de dourados,1
gloria do goita,2
glorinha,2
godoy moreira,1
goiabeira,2
goiana,13
goianapolis,4
goiandira,1
goianesia,18
goianesia do para,3
goiania,692
goianinha,3
goianira,8
goianorte,2
goias,8
goiatuba,10
goioere,11
goitacazes,11
goncalves,3
goncalves dias,1
gongogi,1
gouveia,4
governador celso ramos,3
governador dix-sept rosado,1
governador eugenio barros,1
governador lindenberg,2
governador mangabeira,1
governador portela,4
governador valadares,141
graccho cardoso,1
grajau,5
gramado,30
gramado dos loureiros,1
gramado xavier,1
grandes rios,2
granja,5
grao mogol,3
grao para,3
gravata,11
gravatai,112
gravatal,6
groairas,1
grupiara,1
guabiju,1
guabiruba,5
guacui,16
guadalupe,4
guaiba,31
guaicara,8
guaira,43
guairaca,1
guaiuba,2
guajara-mirim,3
guamare,2
guamiranga,1
guanambi,38
guanhaes,18
guape,1
guapiacu,6
guapiara,3
guapimirim,23
guapirama,1
guapo,6
guapore,18
guara,10
guarabira,10
guaracai,5
guaraci,4
guaraciaba,3
guaraciaba do norte,4
guarai,4
guaramirim,13
guaranesia,9
guarani,7
guarani das missoes,2
guaraniacu,5
guaranta,5
guaranta do norte,5
guarapari,67
guarapua,1
guarapuava,65
guaraquecaba,1
guarara,2
guararapes,19
guararema,11
guaratinga,2
guaratingueta,98
guaratuba,9
guarda-mor,2
guarei,5
guariba,14
guariroba,2
guaruja,226
guaruja do sul,4
guarulhos,1189
guassusse,1
guatapara,1
guaxupe,37
guia lopes da laguna,1
guidoval,2
guimaraes,1
guimarania,4
guinda,1
guiricema,1
gurupi,24
guzolandia,1
heliopolis,1
herculandia,3
herval,2
herval d'oeste,9
herveiras,1
hidreletrica tucurui,3
hidrolandia,8
hidrolina,2
holambra,24
holambra ii,5
horizonte,5
horizontina,7
hortolandia,145
hulha negra,1
humaita,4
humberto de campos,1
humildes,1
iacanga,6
iaciara,4
iacri,2
iacu,4
iapu,4
iaras,1
iati,3
ibaiti,11
ibarama,1
ibate,13
ibateguara,2
ibatiba,9
ibema,1
ibertioga,1
ibia,9
ibiaca,2
ibiai,3
ibiajara,1
ibiam,4
ibiapina,3
ibiara,1
ibiassuce,2
ibicarai,5
ibicare,2
ibicoara,3
ibicuitinga,1
ibimirim,3
ibipeba,1
ibipitanga,2
ibipora,12
ibira,7
ibiracatu,1
ibiraci,4
ibiracu,1
ibiraiaras,2
ibiraja,2
ibirama,13
ibirapua,1
ibirarema,5
ibirataia,2
ibirite,50
ibiruba,21
ibitiara,1
ibitinga,22
ibitioca,1
ibitira,1
ibitita,1
ibitiuva,1
ibiuna,31
ibotirama,7
icapui,5
icara,21
icarai de minas,2
icaraima,1
icatu,1
icem,9
ichu,2
ico,8
iconha,5
ielmo marinho,2
iepe,5
igaci,2
igapora,1
igaracu do tiete,4
igarapava,7
igarape,11
igarape-acu,1
igarape-miri,1
igarassu,13
igarata,5
igaratinga,1
igrapiuna,1
igreja nova,2
igrejinha,17
iguaba grande,19
iguai,2
iguape,14
iguaracu,2
iguatama,4
iguatu,15
ijui,52
ilha comprida,4
ilha de itamaraca,4
ilha dos valadares,1
ilha grande,1
ilha solteira,24
ilhabela,46
ilheus,72
ilhota,4
ilicinea,1
ilopolis,3
imaculada,3
imbau,2
imbe,13
imbe de minas,2
imbituba,34
imbituva,8
imbuia,4
imigrante,3
imperatriz,40
inacio martins,5
inaciolandia,3
inaja,4
inconfidentes,2
indaial,26
indaiatuba,280
independencia,1
indiana,3
indianopolis,6
indiapora,3
indiara,4
indiaroba,1
inga,1
ingai,1
inhambupe,7
inhapi,2
inhapim,7
inhauma,2
inhuma,1
inhumas,16
inimutaba,2
inocencia,1
inubia paulista,3
iomere,1
ipaba,8
ipameri,13
ipanema,7
ipaporanga,2
ipatinga,171
ipaumirim,1
ipaussu,7
ipe,2
ipecaeta,1
ipero,18
ipiabas,4
ipiacu,3
ipiau,8
ipigua,2
ipira,10
ipiranga,4
ipiranga de goias,1
ipiranga do norte,1
ipiranga do sul,1
ipixuna do para,2
ipojuca,17
ipora,17
ipora do oeste,6
ipu,4
ipua,4
ipubi,3
ipueira,1
ipueiras,3
ipuiuna,1
ipumirim,5
ipupiara,1
iracema,2
iracemapolis,18
irai,2
irai de minas,2
iramaia,2
irani,4
irape,2
irapua,4
irapuru,6
iraquara,5
irara,2
irati,22
iraucuba,2
irece,13
iretama,1
irineopolis,4
irupi,2
isaias coelho,1
ita,3
itaara,1
itabaiana,16
itabaianinha,2
itabatan,2
itabela,4
itabera,7
itaberaba,10
itaberai,6
itabi,1
itabira,79
itabirinha,1
itabirito,32
itaborai,60
itabuna,62
itacarambi,3
itacare,8
itacoatiara,1
itacurussa,1
itagi,2
itagiba,2
itagimirim,1
itaguacu,9
itaguacu da bahia,1
itaguai,48
itaguaje,2
itaguara,2
itaguari,1
itaguaru,2
itai,10
itaicaba,1
itaiopolis,8
itaipava,4
itaipulandia,6
itaitinga,4
itaituba,3
itaja,3
itajai,120
itajobi,10
itaju,3
itaju do colonia,1
itajuba,94
itajuipe,3
italva,14
itamaraju,12
itamarandiba,8
itamari,3
itambacuri,6
itambaraca,2
itambe,8
itamira,2
itamogi,2
itamonte,10
itanhaem,80
itanhandu,14
itanhanga,1
itanhem,1
itanhomi,4
itaobim,6
itaoca,3
itaocara,16
itapaci,4
itapage,1
itapagipe,5
itapaje,6
itaparica,1
itape,1
itapecerica,13
itapecerica da serra,98
itapecuru mirim,4
itapejara d'oeste,6
itapema,44
itapemirim,4
itaperucu,4
itaperuna,47
itapetim,2
itapetinga,18
itapetininga,78
itapeva,58
itapevi,170
itapicuru,2
itapipoca,11
itapira,55
itapiranga,12
itapirapua,2
itapirapua paulista,2
itapissuma,3
itapitanga,3
itapiuna,2
itapoa,9
itapolis,28
itapora,3
itaporanga,14
itaporanga d'ajuda,1
itapui,7
itapura,6
itapuranga,7
itaquaquecetuba,172
itaqui,9
itaquirai,2
itaquitinga,2
itarana,3
itarantim,3
itarare,29
itarema,1
itariri,6
itatiaia,18
itatiaiucu,2
itatiba,97
itatiba do sul,1
itatim,3
itatinga,4
itau,2
itau de minas,5
itauba,5
itaueira,2
itauna,57
itinga,3
itiquira,1
itirapina,2
itirucu,3
itiuba,4
itobi,7
itororo,2
itu,136
ituacu,3
itubera,3
itueta,2
ituiutaba,56
itumbiara,36
itupeva,44
itupiranga,1
ituporanga,15
iturama,15
itutinga,1
ituverava,30
iuna,2
ivai,2
ivaipora,7
ivate,3
ivinhema,3
ivora,1
ivoti,13
jaboatao dos guararapes,135
jabora,2
jaborandi,3
jaboti,2
jaboticabal,54
jaboticatubas,1
jacaraci,4
jacarau,1
jacare,8
jacareacanga,1
jacarei,194
jacarezinho,17
jaci,2
jaciara,3
jacigua,2
jacinto,2
jacinto machado,4
jacobina,24
jacui,4
jacuipe,1
jacuizinho,1
jacunda,6
jacupiranga,5
jacutinga,19
jaguapita,1
jaguaquara,2
jaguaracu,1
jaguarao,8
jaguare,14
jaguarembe,1
jaguari,3
jaguariaiva,19
jaguaribara,1
jaguaribe,5
jaguariuna,62
jaguaruana,4
jaguaruna,2
jaiba,6
jales,30
jamaica,1
jamapara,1
jambeiro,4
jampruca,1
janauba,17
jandaia,1
jandaia do sul,8
jandaira,2
jandira,85
janduis,1
janiopolis,3
januaria,22
japaraiba,1
japaratuba,1
japeri,34
japi,1
japira,3
japoata,1
japuiba,5
japura,5
jaqueira,3
jaquirana,1
jaragua,7
jaragua do sul,89
jaraguari,2
jardim,5
jardim abc de goias,1
jardim alegre,2
jardim de piranhas,1
jardim do serido,3
jardim olinda,1
jardinopolis,13
jari,4
jarinu,19
jaru,6
jatai,54
jataizinho,1
jatauba,2
jatoba,5
jau,74
jaua,1
jaupaci,1
jauru,5
jeceaba,6
jenipapo de minas,1
jequeri,1
jequia da praia,2
jequie,36
jequitai,2
jequitiba,2
jequitinhonha,11
jeremoabo,6
jerico,1
jeriquara,1
jeronimo monteiro,2
jesuania,5
jesuitas,4
jesupolis,2
ji-parana,17
jijoca de jericoacoara,4
jiquirica,1
joacaba,26
joaima,1
joanopolis,6
joao alfredo,3
joao camara,2
joao dourado,1
joao lisboa,5
joao monlevade,51
joao neiva,8
joao pessoa,256
joao pinheiro,16
joao ramalho,3
joaquim nabuco,4
joaquim pires,1
joaquim tavora,3
joinville,264
jordania,5
jose boiteux,1
jose bonifacio,12
jose da penha,1
jose de freitas,3
joselandia,1
joviania,5
juara,5
juatuba,4
juazeiro,44
juazeiro do norte,34
jucas,1
jucurucu,2
jucurutu,4
juina,17
juiz de fora,427
julio de castilhos,10
julio mesquita,2
jumirim,3
junco do serido,2
jundiai,565
jundiai do sul,3
junqueiro,2
junqueiropolis,15
jupi,2
juquia,10
juquitiba,21
juranda,2
jurema,1
juripiranga,1
juru,1
juruaia,6
juruena,3
juruti,1
juscimeira,2
jussara,4
jussari,2
jussiape,1
juti,4
juvenilia,2
kalore,2
ladainha,2
ladario,5
lagarto,11
lages,85
lago da pedra,5
lago verde,1
lagoa,1
lagoa d'anta,1
lagoa da canoa,1
lagoa da confusao,5
lagoa da prata,11
lagoa de sao francisco,1
lagoa de velhos,1
lagoa do carro,2
lagoa do mato,1
lagoa do ouro,2
lagoa do piaui,1
lagoa dos gatos,3
lagoa dos patos,1
lagoa dos tres cantos,1
lagoa dourada,5
lagoa formosa,7
lagoa grande,8
lagoa nova,2
lagoa real,1
lagoa salgada,1
lagoa santa,60
lagoa vermelha,14
lagoao,1
lagoinha,3
lagoinha do piaui,1
laguna,14
laje do muriae,1
lajeado,51
lajeado grande,1
lajedo,7
lajinha,3
lamarao,1
lambari,8
lamim,1
lapa,15
laranja da terra,1
laranjal,2
laranjal do jari,2
laranjal paulista,17
laranjeiras do sul,20
laurentino,5
lauro de freitas,75
lauro muller,8
lavinia,4
lavras,83
lavras da mangabeira,2
lavras do sul,3
lavrinhas,1
leandro ferreira,2
lebon regis,1
leme,50
lencois,1
lencois paulista,45
leoberto leal,1
leopoldina,17
leopoldo de bulhoes,1
leopolis,1
liberato salzano,1
liberdade,3
lidice,1
lima duarte,6
limeira,190
limeira do oeste,2
limoeiro,7
limoeiro do norte,12
lindoeste,2
lindoia,9
lindoia do sul,1
lindolfo collor,1
linhares,65
lins,55
livramento,1
livramento de nossa senhora,5
loanda,13
lobato,3
londrina,306
lontras,3
lorena,83
loreto,1
lourdes,2
louveira,44
lucas do rio verde,24
lucelia,12
lucena,1
lucianopolis,2
luis antonio,7
luis correia,1
luis eduardo magalhaes,36
luisburgo,2
luiz alves,2
luiziana,2
luiziania,3
luizlandia do oeste,2
luminarias,3
lunardelli,2
lupercio,3
lupionopolis,2
lutecia,1
luz,2
luziania,33
luziapolis,1
luzilandia,3
macae,239
macaiba,5
macambara,2
macambira,1
macapa,54
macaparana,2
macatuba,12
macau,5
macaubal,1
macaubas,9
macedonia,4
maceio,247
machacalis,2
machadinho,1
machadinho d'oeste,3
machado,21
machados,1
macieira,1
macuco,1
macuco de minas,1
madalena,1
madre de deus,7
madre de deus de minas,3
mae d'agua,1
mae do rio,2
mafra,28
magalhaes de almeida,1
magda,2
mage,111
maioba,3
maiquinique,1
mairi,2
mairinque,25
mairipora,75
mairipotaba,1
major porto,1
major vieira,3
malacacheta,7
malhador,1
mallet,6
mamanguape,6
mambai,2
mambore,8
mamonas,1
mampituba,1
manaira,1
manaus,140
mandaguacu,5
mandaguari,18
mandirituba,2
manduri,3
manfrinopolis,1
manga,3
mangaratiba,13
mangueirinha,9
manhuacu,65
manhumirim,16
manoel ribas,4
manoel urbano,1
manoel viana,3
mansidao,1
mantena,11
mantenopolis,4
maquine,1
mar de espanha,9
mar vermelho,2
mara rosa,2
maraba,22
maracacume,4
maracai,8
maracaju,13
maracana,2
maracanau,35
maracas,5
maragogi,5
maragogipe,2
maranguape,3
maranhaozinho,1
marataizes,16
marau,22
maravilha,12
maravilhas,4
marcelino vieira,1
marco,3
marcos parente,1
marechal candido rondon,31
marechal deodoro,1
marechal floriano,5
mari,3
maria da fe,3
marialva,16
mariana,33
mariano moro,1
mariapolis,2
maribondo,1
marica,139
mariental,1
marilac,1
marilandia,8
marilandia do sul,1
marilena,1
marilia,196
mariluz,2
maringa,271
marinopolis,2
mario campos,4
mariopolis,1
maripa,3
maristela,4
marituba,15
marmeleiro,7
marques de souza,1
martinesia,1
martinho campos,2
martinopolis,8
martins,2
martins soares,6
mascote,2
massape,2
massaranduba,3
mata,1
mata de sao joao,12
mata grande,2
mata roma,2
mata verde,6
matao,52
matelandia,2
materlandia,2
mateus leme,9
matias barbosa,13
matias olimpio,1
matinhos,27
matipo,4
mato leitao,2
mato rico,1
mato verde,3
matoes,1
matoes do norte,2
matozinhos,12
matrincha,2
matriz de camaragibe,1
matupa,7
matutina,2
maua,323
maua da serra,2
maurilandia,4
mauriti,1
maximiliano de almeida,3
medeiros,2
medeiros neto,7
medianeira,23
medicilandia,1
medina,6
meleiro,3
mendes,12
mendes pimentel,5
mendonca,5
mercedes,2
merces,4
meridiano,1
meruoca,2
mesquita,76
messias targino,1
miguel calmon,5
miguel pereira,28
miguelopolis,14
milagres,4
milha,2
mimoso de goias,1
mimoso do sul,10
minacu,11
minas do leao,1
minas novas,4
minduri,1
mineiros,26
mineiros do tiete,3
ministro andreazza,1
mira estrela,1
miracatu,5
miracema,19
miradouro,1
miraguai,1
mirai,9
miraima,2
miranda,4
miranda do norte,1
mirandiba,3
mirandopolis,13
miranorte,2
mirante da serra,1
mirante do paranapanema,3
mirassol,29
mirassol d'oeste,14
miravania,1
mirinzal,3
missal,7
missao velha,1
missi,1
mocajuba,1
mococa,34
moeda,1
moema,1
mogi das cruzes,383
mogi mirim,76
mogi-guacu,93
mogi-mirim,2
moju,4
mojui dos campos,2
mombaca,1
mombuca,3
moncao,1
moncoes,2
mondai,2
mongagua,42
monnerat,2
monsenhor paulo,1
monsenhor tabosa,3
montadas,1
montalvania,3
montanha,10
montanhas,1
montauri,2
monte alegre,2
monte alegre de minas,4
monte alegre de sergipe,1
monte alegre do sul,6
monte alto,34
monte alverne,1
monte aprazivel,10
monte azul,5
monte azul paulista,19
monte belo,5
monte belo do sul,1
monte bonito,1
monte carlo,3
monte carmelo,24
monte castelo,2
monte formoso,2
monte gordo,2
monte mor,40
monte santo,1
monte santo de minas,9
monte siao,20
monte verde,3
monteiro lobato,1
monteiropolis,1
montenegro,32
montes claros,211
montezuma,2
montividiu do norte,1
morada nova,10
morada nova de minas,3
moreilandia,2
moreira sales,3
moreno,5
morpara,2
morretes,4
morrinhos,18
morro agudo,10
morro agudo de goias,1
morro da fumaca,7
morro da garca,1
morro de sao paulo,1
morro do chapeu,7
morro do ferro,1
morro do pilar,1
morro grande,1
morro redondo,1
morro reuter,3
morro vermelho,1
morungaba,7
mossamedes,1
mossoro,37
mostardas,11
motuca,3
mozarlandia,7
mucambo,1
mucuge,1
mucuri,7
mucurici,1
muliterno,1
mundo novo,6
munhoz,4
munhoz de melo,4
muniz freire,2
muquem do sao francisco,2
muqui,4
muriae,64
murici,1
muritiba,1
murucupi,1
murutinga do sul,2
mussurepe,1
mutuipe,4
mutum,8
mutum parana,1
mutunopolis,1
muzambinho,9
nacip raydan,1
nantes,1
nanuque,25
nao-me-toque,7
narandiba,2
natal,207
natercia,1
natividade,16
natividade da serra,1
navegantes,31
navirai,8
nazare,4
nazare da mata,1
nazare paulista,7
nazareno,2
nazario,2
neopolis,1
nepomuceno,9
neropolis,7
neves paulista,3
nhandeara,8
nilopolis,107
nipoa,2
niquelandia,14
niteroi,849
nobres,1
nonoai,2
nortelandia,1
nossa senhora da gloria,2
nossa senhora das dores,1
nossa senhora das gracas,2
nossa senhora de caravaggio,2
nossa senhora de lourdes,1
nossa senhora do o,2
nossa senhora do remedio,2
nossa senhora do socorro,14
nova alvorada,3
nova alvorada do sul,3
nova america,1
nova america da colina,1
nova andradina,11
nova araca,1
nova aurora,4
nova bandeirantes,4
nova bassano,4
nova boa vista,1
nova brasilandia d'oeste,2
nova brescia,1
nova campina,2
nova canaa,2
nova canaa do norte,3
nova canaa paulista,2
nova cantu,3
nova crixas,1
nova cruz,3
nova era,15
nova erechim,3
nova esperanca,8
nova esperanca do piria,1
nova esperanca do sudoeste,1
nova esperanca do sul,2
nova europa,8
nova fatima,5
nova floresta,1
nova friburgo,152
nova granada,19
nova guarita,1
nova guataporanga,1
nova hartz,3
nova iguacu,442
nova independencia,1
nova ipixuna,1
nova itaberaba,2
nova lacerda,1
nova laranjeiras,1
nova lima,98
nova londrina,9
nova luzitania,1
nova mamore,2
nova monte verde,3
nova mutum,5
nova odessa,38
nova olimpia,2
nova olinda,4
nova olinda do maranhao,4
nova padua,1
nova palma,2
nova petropolis,8
nova ponte,9
nova prata,16
nova prata do iguacu,6
nova redencao,1
nova resende,1
nova roma,1
nova roma do sul,1
nova russas,7
nova santa barbara,1
nova santa rita,6
nova santa rosa,4
nova serrana,51
nova soure,3
nova timboteua,1
nova trento,6
nova ubirata,1
nova venecia,19
nova veneza,7
nova vicosa,1
nova xavantina,10
novais,1
novo alegre,1
novo barreiro,2
novo brasil,1
novo cabrais,1
novo cruzeiro,9
novo gama,16
novo hamburgo,123
novo horizonte,18
novo itacolomi,1
novo jardim,1
novo lino,1
novo machado,1
novo mundo,1
novo oriente,3
novo oriente de minas,1
novo oriente do piaui,2
novo planalto,1
novo progresso,5
novo repartimento,2
novo sao joaquim,3
nucleo residencial pilar,8
nuporanga,3
ocara,2
ocaucu,5
oeiras,6
oeiras do para,2
oiapoque,1
olaria,1
oleo,1
olho d'agua das cunhas,2
olho d'agua das flores,3
olhos d'agua,1
olimpia,38
olinda,93
olindina,3
oliveira,22
oliveira dos brejinhos,2
onda verde,1
oriente,3
orindiuva,5
orizania,1
orizona,6
orlandia,29
orleans,8
orobo,1
oroco,3
oros,2
ortigueira,8
osasco,746
oscar bressane,3
osorio,35
osvaldo cruz,16
osvaldo kroeff,1
otacilio costa,5
ourem,1
ouricuri,8
ourilandia do norte,5
ourinhos,80
ourizona,1
ouro,1
ouro branco,41
ouro fino,16
ouro preto,57
ouro preto do oeste,4
ouro verde,3
ouro verde de goias,1
ouro verde de minas,2
ouro verde do oeste,1
ouroeste,11
ouvidor,1
pacaembu,6
pacaja,6
pacajus,6
pacatuba,5
paco do lumiar,7
pacoti,2
pacotuba,1
pacuja,1
padre bernardo,4
padre carvalho,1
padre gonzales,1
padre paraiso,1
paial,1
paicandu,10
paineiras,1
pains,3
paiva,2
palestina,10
palhano,1
palhoca,95
palma,4
palma sola,4
palmares,9
palmares do sul,5
palmares paulista,1
palmas,110
palmeira,16
palmeira d oeste,1
palmeira d'oeste,5
palmeira das missoes,16
palmeira dos indios,8
palmeiras,2
palmeiras de goias,3
palmeirinha,2
palminopolis,1
palmital,19
palmital de minas,1
palmitinho,5
palmitos,5
palmopolis,1
palotina,10
panambi,17
pancas,1
panelas,2
panorama,5
pantano grande,3
papagaios,4
papanduva,8
papucaia,10
para de minas,37
paracambi,35
paracatu,63
paracuru,5
paragominas,19
paraguacu,13
paraguacu paulista,20
parai,3
paraiba do sul,18
paraibano,3
paraibuna,10
paraipaba,5
paraiso,6
paraiso das aguas,1
paraiso do norte,3
paraiso do sul,1
paraiso do tocantins,10
paraisopolis,15
paraju,1
parambu,4
paramirim,5
parana,2
paranacity,3
paranagua,60
paranaiba,15
paranaiguara,3
paranaita,4
paranapanema,11
paranapoema,1
paranapua,2
paranatinga,2
paranavai,47
paranhos,1
paraopeba,9
parapua,8
parati,13
paraty,19
parauapebas,27
parauna,4
pardinho,1
pareci novo,1
parelhas,4
paripiranga,2
paripueira,1
pariquera-acu,15
parisi,1
parnaiba,23
parnamirim,63
parnarama,1
parobe,12
passa quatro,10
passa tempo,1
passa tres,2
passagem,1
passagem franca,1
passira,1
passo de camaragibe,1
passo de torres,7
passo fundo,113
passos,43
passos maia,2
pastos bons,2
patis,1
pato bragado,2
pato branco,53
patos,16
patos de minas,100
patrocinio,47
patrocinio do muriae,2
patrocinio paulista,2
patu,3
paty do alferes,13
pau brasil,1
pau d'arco,2
pau dos ferros,9
paudalho,2
paula candido,1
paula freitas,1
pauliceia,3
paulinia,130
paulino neves,1
paulista,42
paulistana,3
paulistania,1
paulo afonso,40
paulo de faria,5
paulo frontin,5
paulo jacinto,2
paulo lopes,2
pavao,1
peabiru,5
pecanha,5
pederneiras,21
pedra,3
pedra azul,5
pedra bela,3
pedra branca,3
pedra do indaia,1
pedra lavrada,1
pedra menina,1
pedra preta,5
pedralva,3
pedranopolis,1
pedrao,1
pedras altas,1
pedras de fogo,2
pedregulho,2
pedreira,36
pedreiras,3
pedrinhas paulista,4
pedrinopolis,3
pedro afonso,3
pedro canario,5
pedro de toledo,9
pedro gomes,1
pedro ii,2
pedro leopoldo,40
pedro osorio,3
pedro velho,1
peixe,1
peixoto de azevedo,4
pejucara,4
pelotas,186
penaforte,2
penapolis,37
pendencias,2
penedo,9
penha,17
pentecoste,2
pequi,1
pequizeiro,1
perdigao,7
perdizes,8
perdoes,9
pereira barreto,19
pereiras,1
pereiro,3
peri mirim,1
periquito,2
peritiba,2
perobal,1
perola,2
perola d'oeste,2
perola independente,1
perpetuo socorro,2
peruibe,44
pescador,1
pesqueira,9
petrolandia,15
petrolina,65
petropolis,240
piacabucu,2
piacatu,1
piacu,1
pianco,1
piao,1
piata,2
piau,2
picada cafe,1
picarra,1
picarras,1
picos,19
picui,2
piedade,23
piedade de caratinga,7
piedade do rio grande,3
piedade dos gerais,3
pien,4
pilao arcado,4
pilar,4
pilar do sul,12
pimenta,2
pimenta bueno,8
pimenteiras,2
pindai,2
pindamonhangaba,101
pindare mirim,3
pindoba,2
pindobacu,3
pindorama,2
pindorama do tocantins,2
pindoretama,1
pingo-d'agua,1
pinhais,69
pinhal da serra,1
pinhalao,7
pinhalzinho,21
pinhao,9
pinheiral,14
pinheiro,4
pinheiro machado,5
pinheiros,9
pinhotiba,1
pintadas,2
pinto bandeira,1
pio ix,1
pio xii,1
piquerobi,1
piquete,9
piracaia,22
piracanjuba,10
piracema,1
piracicaba,369
piracuruca,2
pirai,16
pirai do norte,1
pirai do sul,7
piraju,19
pirajuba,1
pirajui,12
pirambu,1
piranga,4
pirangi,8
piranguinho,9
piranhas,4
pirapemas,1
pirapetinga,8
pirapo,1
pirapora,42
pirapora do bom jesus,16
pirapozinho,14
piraquara,14
pirassununga,69
piratini,1
piratininga,9
piratuba,6
pirauba,3
pirenopolis,4
pires do rio,12
pires ferreira,1
piripa,2
piripiri,7
piritiba,6
pirpirituba,1
pitanga,3
pitanga de estrada,1
pitangueiras,18
pitangui,22
pitimbu,1
pium,1
piuma,17
piumhi,3
piumhii,28
placas,2
planaltina,10
planaltina de goias,2
planaltina do parana,1
planaltino,1
planalto,9
planura,2
poa,85
pocao,1
pocao de pedras,1
pocinhos,3
poco de pedra,1
poco fundo,8
poco redondo,1
poco verde,4
pocoes,2
pocoes de paineiras,1
pocos de caldas,122
pocrane,3
pojuca,13
polo petroquimico de triunfo,1
poloni,3
pombal,6
pombos,1
pomerode,9
pompeia,17
pompeu,11
pongai,4
ponta grossa,143
ponta pora,18
pontal,13
pontal do parana,8
pontalina,2
pontalinda,2
pontao,1
ponte alta do norte,1
ponte nova,41
ponte serrada,3
pontes e lacerda,9
pontes gestal,1
ponto belo,1
ponto do marambaia,1
ponto dos volantes,2
ponto novo,1
populina,1
porangaba,2
porangatu,13
porciuncula,8
porecatu,10
portalegre,2
portao,10
porteiras,1
porteirinha,5
portela,1
portelandia,2
porto acre,1
porto alegre,1379
porto alegre do norte,1
porto amazonas,2
porto belo,9
porto calvo,2
porto de pedras,1
porto dos gauchos,1
porto esperidiao,2
porto estrela,1
porto feliz,22
porto ferreira,28
porto firme,2
porto franco,2
porto grande,1
porto lucena,1
porto murtinho,1
porto nacional,8
porto real,7
porto rico,1
porto seguro,41
porto trombetas,2
porto uniao,14
porto velho,113
porto xavier,5
posse,17
posto da mata,4
pote,3
potengi,2
potim,2
potiragua,7
potirendaba,9
pouso alegre,131
pouso alto,3
pouso novo,1
pouso redondo,3
poxoreu,2
prado,5
pradopolis,10
prados,3
praia grande,316
praia norte,1
pranchita,1
prata,11
pratapolis,1
presidente alves,2
presidente bernardes,6
presidente castello branco,1
presidente dutra,15
presidente epitacio,23
presidente getulio,7
presidente janio quadros,1
presidente juscelino,1
presidente kennedy,2
presidente kubitschek,2
presidente lucena,1
presidente medici,3
presidente nereu,1
presidente olegario,6
presidente prudente,161
presidente tancredo neves,4
presidente venceslau,26
primavera,9
primavera do leste,28
primeiro de maio,7
princesa isabel,1
progresso,1
promissao,32
propria,4
protasio alves,2
prudencio thomaz,1
prudente de morais,4
prudentopolis,7
pugmil,1
pureza,1
purilandia,1
putinga,2
puxinana,1
quadra,3
quarai,4
quata,13
quatigua,5
quatis,5
quatituba,1
quatro barras,18
quatro bocas,5
quatro pontes,1
quedas do iguacu,8
queimadas,9
queimados,54
queiroz,1
queixada,1
queluz,2
querencia,10
querencia do norte,1
quevedos,2
quijingue,2
quilombo,4
quilometro 14 do mutum,1
quinta do sol,3
quintana,4
quipapa,1
quirinopolis,14
quissama,13
quitandinha,2
quixabeira,3
quixada,13
quixelo,2
quixeramobim,6
quixere,3
rafard,5
rainha do mar,1
rancharia,22
rancho alegre,2
rancho alegre d'oeste,1
rancho queimado,2
raposo,3
raposos,11
raul soares,12
ravena,1
realeza,6
reboucas,6
rechan,2
recife,613
recreio,3
redencao,18
redencao da serra,1
redencao do gurgueia,1
redentora,3
regeneracao,6
regente feijo,10
reginopolis,3
registro,50
remanso,5
remigio,1
renascenca,4
reriutaba,3
resende,117
resende costa,3
reserva,3
reserva do cabacal,2
reserva do iguacu,1
resplendor,10
ressaquinha,1
restinga seca,3
retirolandia,1
riachao das neves,2
riachao do jacuipe,5
riachinho,2
riacho da cruz,1
riacho das almas,2
riacho de santana,4
riacho de santo antonio,1
riacho dos machados,3
riachuelo,1
rianapolis,4
ribas do rio pardo,1
ribeira,3
ribeira do amparo,1
ribeira do pombal,8
ribeirao,4
ribeirao bonito,7
ribeirao branco,2
ribeirao cascalheira,1
ribeirao claro,5
ribeirao das neves,101
ribeirao do pinhal,5
ribeirao do sul,3
ribeirao pires,109
ribeirao preto,510
ribeirao vermelho,2
ribeiraozinho,2
ribeiro junqueira,1
ribeiropolis,1
rifaina,2
rincao,1
rinopolis,3
rio acima,8
rio azul,5
rio bananal,4
rio bonito,28
rio bonito do iguacu,4
rio branco,74
rio branco do sul,6
rio brilhante,11
rio casca,5
rio claro,157
rio das antas,2
rio das flores,6
rio das ostras,137
rio das pedras,11
rio de contas,3
rio de janeiro,6881
rio do antonio,2
rio do campo,4
rio do oeste,3
rio do pires,4
rio do sul,35
rio doce,1
rio dos cedros,1
rio dos indios,1
rio espera,1
rio formoso,2
rio fortuna,3
rio grande,125
rio grande da serra,26
rio grande do piaui,1
rio largo,6
rio manso,5
rio maria,3
rio negrinho,13
rio negro,16
rio novo,4
rio novo do sul,6
rio paranaiba,9
rio pardo,6
rio pardo de minas,5
rio piracicaba,4
rio pomba,6
rio preto,4
rio real,3
rio rufino,1
rio tinto,2
rio verde,67
riolandia,3
riqueza,3
ritapolis,3
riversul,1
roca sales,2
rodeio,7
rodeio bonito,2
rodeiro,3
rodelas,3
rodolfo fernandes,2
rolandia,27
rolante,10
rolim de moura,7
romaria,2
romelandia,1
roncador,2
ronda alta,6
rondon,2
rondon do para,9
rondonopolis,65
roque gonzales,5
rosana,4
rosario,1
rosario do ivai,1
rosario do sul,14
roseira,5
rubelita,1
rubiacea,2
rubiataba,7
rubim,3
rubineia,1
russas,9
ruy barbosa,7
sabara,42
sabaudia,1
sabino,3
sabinopolis,6
saboeiro,1
sacra familia do tingua,1
sacramento,13
sales,5
sales oliveira,6
salesopolis,10
salgado filho,3
salgueiro,17
salinas,22
salinas da margarida,1
salmourao,2
saloa,3
salobro,1
saltinho,5
salto,95
salto da divisa,2
salto de pirapora,13
salto do ceu,4
salto do itarare,1
salto do jacui,4
salto do lontra,4
salto grande,1
salto veloso,4
salvador,1245
salvador do sul,1
sambaiba,1
sananduva,6
sanclerlandia,4
sandolandia,1
sanga puita,1
sangao,3
sanharo,3
santa adelia,15
santa albertina,7
santa amelia,1
santa barbara,26
santa barbara d oeste,5
santa barbara d'oeste,119
santa barbara do para,1
santa barbara do sul,2
santa branca,9
santa brigida,1
santa cecilia,7
santa cecilia do pavao,1
santa clara d'oeste,1
santa clara do sul,2
santa cruz,6
santa cruz cabralia,5
santa cruz da conceicao,4
santa cruz das palmeiras,9
santa cruz de goias,2
santa cruz de minas,5
santa cruz de monte castelo,4
santa cruz de salinas,2
santa cruz do capibaribe,13
santa cruz do piaui,1
santa cruz do prata,2
santa cruz do rio pardo,35
santa cruz do sul,62
santa cruz do timbo,1
santa ernestina,2
santa fe,5
santa fe de goias,4
santa fe de minas,1
santa fe do sul,35
santa filomena,1
santa gertrudes,12
santa helena,12
santa helena de goias,9
santa helena de minas,2
santa ines,15
santa isabel,30
santa isabel do ivai,3
santa isabel do para,6
santa isabel do rio preto,1
santa izabel do oeste,2
santa juliana,9
santa leopoldina,1
santa lucia,4
santa luzia,100
santa luzia do norte,1
santa luzia do parua,1
santa margarida,3
santa maria,197
santa maria da boa vista,2
santa maria da serra,2
santa maria da vitoria,13
santa maria de itabira,4
santa maria de jetiba,15
santa maria do herval,1
santa maria do para,2
santa maria do salto,1
santa maria do suacui,2
santa maria madalena,7
santa mariana,4
santa mercedes,2
santa monica,2
santa quiteria,5
santa quiteria do maranhao,1
santa rita,8
santa rita d'oeste,3
santa rita da floresta,1
santa rita de caldas,6
santa rita de jacutinga,1
santa rita de minas,3
santa rita do araguaia,7
santa rita do ibitipoca,2
santa rita do itueto,1
santa rita do passa quatro,18
santa rita do sapucai,35
santa rosa,33
santa rosa de lima,3
santa rosa de viterbo,14
santa rosa do sul,1
santa salete,1
santa teresa,10
santa teresinha,2
santa tereza do oeste,3
santa terezinha,2
santa terezinha de itaipu,3
santa vitoria,17
santa vitoria do palmar,12
santaluz,3
santana,13
santana da boa vista,2
santana da vargem,4
santana de parnaiba,185
santana de pirapama,1
santana do acarau,4
santana do araguaia,3
santana do capivari,1
santana do cariri,3
santana do deserto,1
santana do ipanema,1
santana do itarare,1
santana do jacare,4
santana do livramento,20
santana do manhuacu,3
santana do mundau,3
santana do paraiso,16
santana do serido,2
santana do sobrado,1
santana dos montes,2
santanesia,4
santarem,44
santiago,26
santo amaro,10
santo amaro da imperatriz,12
santo amaro das brotas,1
santo amaro de campos,6
santo anastacio,17
santo andre,797
santo angelo,46
santo antonio,1
santo antonio da alegria,3
santo antonio da patrulha,17
santo antonio da platina,12
santo antonio das missoes,4
santo antonio das queimadas,1
santo antonio de goias,1
santo antonio de jesus,30
santo antonio de padua,32
santo antonio de posse,20
santo antonio do amparo,4
santo antonio do aracangua,1
santo antonio do aventureiro,1
santo antonio do caiua,1
santo antonio do canaa,1
santo antonio do descoberto,5
santo antonio do grama,2
santo antonio do itambe,3
santo antonio do jacinto,8
santo antonio do jardim,5
santo antonio do leste,1
santo antonio do leverger,1
santo antonio do monte,15
santo antonio do palma,2
santo antonio do pinhal,2
santo antonio do planalto,1
santo antonio do rio abaixo,1
santo antonio do sudoeste,3
santo antonio do taua,1
santo antonio dos campos,1
santo augusto,9
santo cristo,7
santo eduardo,2
santo estevao,5
santo expedito,1
santo expedito do sul,1
santo hipolito,1
santo inacio,1
santos,713
santos dumont,22
sao benedito,5
sao benedito do rio preto,1
sao benedito do sul,1
sao bentinho,1
sao bento,5
sao bento abade,1
sao bento do sapucai,7
sao bento do sul,45
sao bento do una,5
sao bernardino,1
sao bernardo,3
sao bernardo do campo,938
sao bonifacio,1
sao borja,18
sao bras,1
sao bras do suacui,2
sao caetano do sul,277
sao carlos,241
sao carlos do ivai,1
sao clemente,1
sao cristovao,7
sao cristovao do sul,1
sao desiderio,1
sao domingos,7
sao domingos das dores,2
sao domingos do araguaia,1
sao domingos do maranhao,2
sao domingos do norte,7
sao domingos do prata,4
sao domingos do sul,1
sao felipe,2
sao felix,1
sao felix de minas,1
sao felix do araguaia,1
sao felix do coribe,1
sao felix do xingu,8
sao fernando,1
sao fidelis,23
sao francisco,18
sao francisco de assis,2
sao francisco de itabapoana,15
sao francisco de paula,7
sao francisco do brejao,1
sao francisco do conde,3
sao francisco do gloria,1
sao francisco do guapore,2
sao francisco do humaita,1
sao francisco do sul,17
sao gabriel,24
sao gabriel da palha,14
sao gabriel do oeste,7
sao geraldo,4
sao geraldo da piedade,1
sao geraldo do baguari,1
sao goncalo,409
sao goncalo do abaete,2
sao goncalo do amarante,12
sao goncalo do para,3
sao goncalo do rio abaixo,6
sao goncalo do rio das pedras,1
sao goncalo do rio preto,3
sao goncalo do sapucai,10
sao gotardo,20
sao jeronimo,7
sao joao,12
sao joao batista,11
sao joao batista do gloria,3
sao joao d'alianca,3
sao joao da barra,15
sao joao da boa vista,82
sao joao da mata,2
sao joao da parauna,1
sao joao da ponte,1
sao joao da urtiga,1
sao joao das missoes,2
sao joao de iracema,3
sao joao de meriti,134
sao joao de petropolis,1
sao joao de pirabas,2
sao joao del rei,67
sao joao do itaperiu,1
sao joao do ivai,2
sao joao do manhuacu,2
sao joao do manteninha,3
sao joao do oriente,2
sao joao do paraiso,6
sao joao do piaui,6
sao joao do sabugi,1
sao joao do sobrado,1
sao joao do sul,2
sao joao do triunfo,3
sao joao dos patos,7
sao joao evangelista,7
sao joao nepomuceno,15
sao joaquim,9
sao joaquim da barra,33
sao joaquim de bicas,8
sao joaquim do monte,1
sao jorge,1
sao jorge d'oeste,1
sao jorge do ivai,1
sao jorge do oeste,1
sao jorge do patrocinio,2
sao jose,169
sao jose da barra,6
sao jose da bela vista,3
sao jose da boa vista,1
sao jose da coroa grande,2
sao jose da laje,2
sao jose da lapa,8
sao jose da tapera,1
sao jose da vitoria,2
sao jose de mipibu,3
sao jose de ribamar,14
sao jose de uba,3
sao jose do barreiro,3
sao jose do belmonte,2
sao jose do calcado,6
sao jose do campestre,1
sao jose do cedro,5
sao jose do cerrito,3
sao jose do divino,2
sao jose do egito,4
sao jose do goiabal,2
sao jose do hortencio,2
sao jose do inhacora,1
sao jose do norte,7
sao jose do ouro,5
sao jose do piaui,1
sao jose do ribeirao,1
sao jose do rio claro,2
sao jose do rio pardo,44
sao jose do rio preto,335
sao jose do serido,1
sao jose do turvo,3
sao jose do vale do rio preto,12
sao jose do xingu,1
sao jose dos campos,691
sao jose dos cordeiros,1
sao jose dos pinhais,133
sao jose dos quatro marcos,2
sao leopoldo,105
sao lourenco,34
sao lourenco da mata,12
sao lourenco da serra,12
sao lourenco do oeste,11
sao lourenco do piaui,1
sao lourenco do sul,14
sao ludgero,3
sao luis,353
sao luis de montes belos,8
sao luis do curu,2
sao luis do paraitinga,3
sao luis do quitunde,2
sao luiz do norte,1
sao luiz gonzaga,15
sao mamede,1
sao manuel,21
sao marcos,9
sao martinho,3
sao mateus,48
sao mateus de minas,1
sao mateus do maranhao,3
sao mateus do sul,15
sao miguel,4
sao miguel arcanjo,13
sao miguel das matas,1
sao miguel do aleixo,1
sao miguel do anta,1
sao miguel do araguaia,5
sao miguel do cambui,1
sao miguel do gostoso,2
sao miguel do guama,5
sao miguel do guapore,4
sao miguel do iguacu,10
sao miguel do oeste,40
sao miguel do tapuio,3
sao miguel dos campos,2
sao nicolau,1
sao patricio,1
sao paulo,15540
sao paulo das missoes,2
sao paulo do potengi,2
sao pedro,12
sao pedro da agua branca,1
sao pedro da aldeia,46
sao pedro da uniao,3
sao pedro de alcantara,2
sao pedro do butia,1
sao pedro do iguacu,1
sao pedro do ivai,3
sao pedro do sul,1
sao pedro do turvo,2
sao pedro dos ferros,4
sao rafael,1
sao raimundo nonato,7
sao romao,5
sao roque,79
sao roque de minas,2
sao roque do canaa,5
sao sebastiao,61
sao sebastiao da amoreira,1
sao sebastiao da boa vista,2
sao sebastiao da grama,4
sao sebastiao da serra,1
sao sebastiao de campos,1
sao sebastiao do alto,4
sao sebastiao do cai,13
sao sebastiao do maranhao,3
sao sebastiao do paraiba,1
sao sebastiao do paraiso,36
sao sebastiao do passe,5
sao sebastiao do rio verde,1
sao sepe,6
sao simao,14
sao thome das letras,2
sao tiago,5
sao tomas de aquino,4
sao tome,3
sao valentim,3
sao vendelino,2
sao vicente,165
sao vicente ferrer,3
sao vitor,1
sape,2
sapeacu,2
sapezal,8
sapiranga,26
sapopema,2
sapucai-mirim,4
sapucaia,6
sapucaia do sul,40
saquarema,47
sarandi,24
sarapui,2
sardoa,1
sarutaia,1
sarzedo,18
satiro dias,1
satuba,2
satubinha,2
saubara,1
saudade do iguacu,4
saudades,4
saude,2
schroeder,9
seabra,6
seara,6
sebastiao leal,1
seberi,2
sede alvorada,1
segredo,1
selbach,1
senador amaral,2
senador canedo,16
senador cortes,1
senador firmino,2
senador guiomard,2
senador jose porfirio,1
senador la rocque,1
senador modestino goncalves,2
senador pompeu,4
senador salgado filho,1
senges,5
senhor do bonfim,19
senhora de oliveira,2
senhora dos remedios,1
sento se,1
serafina correa,9
sericita,2
seringueiras,2
serio,1
seropedica,33
serra,285
serra azul,1
serra azul de minas,2
serra bonita,1
serra branca,1
serra de sao bento,2
serra do ramalho,4
serra do salitre,1
serra dos aimores,5
serra dos dourados,1
serra dourada,2
serra negra,14
serra talhada,10
serrana,13
serrania,2
serranopolis,3
serranopolis de minas,1
serranopolis do iguacu,2
serrinha,15
serrita,2
serro,2
serrolandia,3
sertania,4
sertanopolis,4
sertao,3
sertao santana,1
sertaozinho,62
sete barras,5
sete de setembro,1
sete lagoas,128
setubinha,3
severiano melo,1
severinia,5
sideropolis,4
sidrolandia,11
silva jardim,4
silvania,7
silvano,1
silvanopolis,1
silveira carvalho,1
silveira martins,1
silveiras,3
silvianopolis,3
simao dias,7
simao pereira,1
simoes filho,21
simolandia,2
simonesia,9
simplicio mendes,1
sinimbu,2
sinop,46
siqueira campos,9
siriji,1
sirinhaem,5
sitio do quinto,2
sitio novo,2
sitio novo do tocantins,2
sobradinho,9
sobral,36
sobralia,1
socorro,19
solanea,1
soledade,8
soledade de minas,6
solonopole,2
sombrio,11
sonora,2
sooretama,5
sorocaba,633
sorriso,20
sousa,7
sucesso,3
sucupira do norte,2
sud mennucci,5
sulina,1
sumare,183
sume,3
sumidouro,10
surubim,5
suzanapolis,1
suzano,234
tabapora,2
tabapua,12
tabatinga,5
tabira,5
taboao da serra,296
tabocas do brejo velho,3
taboquinhas,1
tabuleiro,2
tabuleiro do norte,1
tacaratu,2
taciba,2
tacuru,1
taguai,10
taguatinga,7
taiacu,1
tailandia,4
taio,15
taiobeiras,13
taiuva,5
tamandare,1
tamarana,2
tambau,20
tamboara,1
tanabi,11
tangara,1
tangara da serra,24
tangua,6
tanhacu,4
tanque d'arca,2
tanque novo,3
taparuba,1
tapejara,11
tapera,1
taperuaba,1
tapes,6
tapinas,1
tapirai,2
tapiramuta,2
tapiratiba,12
tapurah,1
taquara,21
taquaracu de minas,2
taquarana,1
taquari,11
taquaritinga,33
taquaritinga do norte,7
taquarituba,16
taquarivai,3
taquarucu do sul,1
tarabai,5
taruma,9
tarumirim,4
tatui,75
taua,10
taubate,270
tavares,1
tecainda,1
teixeira,1
teixeira de freitas,29
teixeira soares,2
teixeiras,7
tejupa,3
telemaco borba,35
telha,1
tenente ananias,1
tenente portela,3
teodoro sampaio,13
teofilandia,3
teofilo otoni,75
teolandia,4
teotonio vilela,8
terenos,1
teresina,281
teresina de goias,1
teresopolis,120
terezinha,1
termas de ibira,1
terra boa,4
terra de areia,5
terra nova,1
terra nova do norte,3
terra rica,7
terra roxa,7
teutonia,14
tiangua,9
tibagi,4
tibau do sul,1
tiete,37
tijucas,30
timbauba,7
timbe do sul,3
timbo,20
timburi,5
timon,15
timoteo,54
tiradentes,4
tiradentes do sul,1
tiros,3
tobias barreto,2
tocantinopolis,7
tocantins,6
tocos,2
tocos do moji,1
toledo,71
tomar do geru,2
tomazina,3
tombos,5
tome-acu,1
toritama,5
toropi,3
torres,17
torrinha,6
trabiju,1
tracuateua,1
tracunhaem,2
traipu,1
trairi,2
trajano de moraes,8
tramandai,25
trancoso,6
travessao,4
travesseiro,1
tremembe,38
tres arroios,3
tres barras,5
tres cachoeiras,7
tres coracoes,43
tres coroas,6
tres de maio,12
tres forquilhas,1
tres fronteiras,5
tres irmaos,1
tres lagoas,42
tres marias,13
tres passos,11
tres pontas,20
tres rios,40
treviso,1
treze tilias,11
trindade,28
trindade do sul,4
triunfo,14
trombas,1
trombudo central,5
tubarao,60
tucano,8
tucuma,4
tucunduva,3
tucurui,17
tuiuti,1
tumiritinga,1
tunapolis,1
tunas do parana,2
tupa,53
tupaciguara,13
tupancireta,4
tupandi,3
tuparece,1
tuparendi,2
tuparetama,3
tupassi,1
tupi paulista,6
turmalina,10
tururu,1
turvania,2
turvelandia,1
turvo,6
turvolandia,2
tutoia,2
uaua,4
uba,53
ubai,1
ubaira,6
ubaitaba,4
ubajara,3
ubaporanga,3
ubata,2
ubatuba,76
uberaba,191
uberlandia,374
ubirajara,1
ubirata,7
uchoa,3
uibai,4
uirauna,1
ulianopolis,1
umbauba,3
umburanas,1
umburatiba,1
umuarama,41
una,5
unai,54
uniao,1
uniao da serra,1
uniao da vitoria,29
uniao de minas,3
uniao do oeste,1
uniao do sul,1
uniao dos palmares,2
unistalda,1
upanema,3
urai,3
urandi,2
urania,4
urbano santos,5
uruacu,17
uruana,4
uruana de minas,1
uruara,6
urubici,3
uruburetama,1
urucania,1
urucuca,2
urucui,4
urucuia,1
urucurituba,2
uruguaiana,48
uruoca,2
urupa,3
urupes,10
urussanga,10
urutai,3
utinga,5
vacaria,23
valao do barro,1
vale do sol,1
vale real,3
valenca,63
valenca do piaui,4
valente,9
valentim gentil,3
valinhos,183
valparaiso,8
valparaiso de goias,37
vanini,1
vargeao,1
vargem,2
vargem alegre,3
vargem alta,5
vargem bonita,5
vargem grande,1
vargem grande do rio pardo,1
vargem grande do soturno,1
vargem grande do sul,14
vargem grande paulista,44
varginha,89
varjao de minas,2
varjota,4
varre-sai,4
varzea,1
varzea alegre,2
varzea da palma,11
varzea do poco,1
varzea grande,42
varzea nova,1
varzea paulista,80
varzedo,1
varzelandia,3
vassouras,37
vazante,6
venancio aires,26
venda branca,1
venda nova do imigrante,15
ventania,3
venturosa,2
vera,3
vera cruz,22
vera cruz do oeste,3
veranopolis,18
vere,3
vereda,2
verissimo,3
vermelho,1
vermelho novo,1
vertentes,1
vespasiano,45
vespasiano correa,1
viamao,73
viana,26
vianopolis,3
vicencia,2
vicente dutra,1
vicentina,1
vicentinopolis,2
vicosa,91
vicosa do ceara,1
victor graeff,2
videira,47
vieiras,1
vigia,3
vila bela da santissima trindade,1
vila dos cabanos,4
vila flor,1
vila flores,3
vila langaro,3
vila muriqui,7
vila nelita,2
vila nova,2
vila nova do sul,1
vila pereira,1
vila reis,1
vila rica,3
vila valerio,8
vila velha,334
vilhena,18
vinhedo,95
viradouro,18
virgem da lapa,3
virginia,1
virginopolis,8
virgolandia,2
visconde de maua,3
visconde do rio branco,19
viseu,1
vista alegre,1
vista alegre do alto,3
vitoria,380
vitoria da conquista,92
vitoria das missoes,1
vitoria de santo antao,15
vitoria do jari,1
vitoria do mearim,2
vitorino,1
vitorino freire,3
vitorinos,1
volta grande,4
volta redonda,232
votorantim,85
votuporanga,63
wagner,1
wanderley,2
wenceslau braz,2
wenceslau guimaraes,2
werneck,2
witmarsum,3
xambioa,3
xambre,2
xangri-la,8
xanxere,29
xapuri,2
xavantina,2
xaxim,10
xexeu,1
xinguara,9
xique-xique,3
zacarias,2
ze doca,5
zortea,2
